Facility ID,Facility Name,Address,City/Town,State,ZIP Code,County/Parish,Telephone Number,Hospital Type,Hospital Ownership,Emergency Services,Meets criteria for birthing friendly designation,Hospital overall rating,Hospital overall rating footnote,MORT Group Measure Count,Count of Facility MORT Measures,Count of MORT Measures Better,Count of MORT Measures No Different,Count of MORT Measures Worse,MORT Group Footnote,Safety Group Measure Count,Count of Facility Safety Measures,Count of Safety Measures Better,Count of Safety Measures No Different,Count of Safety Measures Worse,Safety Group Footnote,READM Group Measure Count,Count of Facility READM Measures,Count of READM Measures Better,Count of READM Measures No Different,Count of READM Measures Worse,READM Group Footnote,Pt Exp Group Measure Count,Count of Facility Pt Exp Measures,Pt Exp Group Footnote,TE Group Measure Count,Count of Facility TE Measures,TE Group Footnote
140018,MT SINAI HOSPITAL MEDICAL CENTER,15TH STREET AT CALIFORNIA,CHICAGO,IL,60608,COOK,(773) 542-2000,Acute Care Hospitals,Voluntary non-profit - Private,Yes,Y,1,,8,7,0,7,0,,8,7,1,5,1,,11,7,0,6,1,,15,15,,10,7,
14003F,JESSE BROWN VA MEDICAL CENTER - VA CHICAGO HEALTHCARE SYSTEM,820 S DAMEN STREET,CHICAGO,IL,60612,COOK,(312) 569-8387,Acute Care - Veterans Administration,Veterans Health Administration,Yes,,4,,8,5,3,2,0,,8,4,0,4,0,,11,6,0,6,0,,15,10,,10,3,
140048,ADVOCATE TRINITY HOSPITAL,2320 E 93RD ST,CHICAGO,IL,60617,COOK,(773) 967-5002,Acute Care Hospitals,Voluntary non-profit - Church,Yes,Y,2,,8,7,2,5,0,,8,7,1,6,0,,11,10,0,7,3,,15,15,,10,10,
140068,ROSELAND COMMUNITY HOSPITAL,45 W 111TH STREET,CHICAGO,IL,60628,COOK,(773) 995-3000,Acute Care Hospitals,Voluntary non-profit - Private,Yes,Y,1,,8,4,0,4,0,,8,2,0,2,0,,11,4,0,3,1,,15,10,,10,6,
140082,LOUIS A WEISS MEMORIAL HOSPITAL,4646 N MARINE DRIVE,CHICAGO,IL,60640,COOK,(773) 878-8700,Acute Care Hospitals,Proprietary,Yes,,1,,8,6,0,6,0,,8,5,0,5,0,,11,7,0,7,0,,15,15,,10,7,
140083,LORETTO HOSPITAL,645 SOUTH CENTRAL AVE,CHICAGO,IL,60644,COOK,(773) 626-4300,Acute Care Hospitals,Voluntary non-profit - Other,Yes,,Not Available,16,8,1,0,1,0,,8,2,1,1,0,,11,2,0,2,0,,15,Not Available,5,10,6,
140088,THE UNIVERSITY OF CHICAGO MEDICAL CENTER,5841 SOUTH MARYLAND,CHICAGO,IL,60637,COOK,(773) 702-9785,Acute Care Hospitals,Voluntary non-profit - Private,Yes,Y,4,,8,8,2,6,0,,8,7,4,3,0,,11,10,1,4,5,,15,15,,10,10,
140095,SAINT ANTHONY HOSPITAL,2875 WEST 19TH STREET,CHICAGO,IL,60623,COOK,(773) 521-1710,Acute Care Hospitals,Voluntary non-profit - Private,Yes,Y,2,,8,1,0,1,0,,8,3,1,2,0,,11,3,0,3,0,,15,15,,10,6,
140103,ST BERNARD HOSPITAL,326 W 64TH ST,CHICAGO,IL,60621,COOK,(773) 962-3900,Acute Care Hospitals,Voluntary non-profit - Church,Yes,,1,,8,3,0,3,0,,8,5,0,5,0,,11,4,0,3,1,,15,5,,10,7,
140114,SWEDISH HOSPITAL,5145 N CALIFORNIA AVE,CHICAGO,IL,60625,COOK,(773) 878-8200,Acute Care Hospitals,Voluntary non-profit - Church,Yes,Y,3,,8,7,0,7,0,,8,6,1,5,0,,11,9,2,5,2,,15,15,,10,10,
140115,THOREK MEMORIAL HOSPITAL,850 W IRVING PARK RD,CHICAGO,IL,60613,COOK,(773) 975-6867,Acute Care Hospitals,Voluntary non-profit - Private,Yes,,Not Available,16,8,2,0,2,0,,8,2,0,2,0,,11,5,0,4,1,,15,15,,10,7,
140117,AMITA HEALTH RESURRECTION MEDICAL CENTER,7435 W TALCOTT AVENUE,CHICAGO,IL,60631,COOK,(773) 774-8000,Acute Care Hospitals,Voluntary non-profit - Church,Yes,Y,3,29,8,8,0,8,0,29,8,6,0,6,0,29,11,11,1,9,1,29,15,10,29,10,7,29
140119,RUSH UNIVERSITY MEDICAL CENTER,1653 WEST CONGRESS PARKWAY,CHICAGO,IL,60612,COOK,(312) 942-5000,Acute Care Hospitals,Voluntary non-profit - Private,Yes,Y,5,,8,8,3,5,0,,8,8,4,4,0,,11,11,1,7,3,,15,15,,10,9,
140124,JOHN H STROGER JR HOSPITAL,1901 W HARRISON ST,CHICAGO,IL,60612,COOK,(312) 864-6000,Acute Care Hospitals,Government - Local,Yes,Y,2,,8,6,0,6,0,,8,7,1,6,0,,11,8,0,7,1,,15,15,,10,8,
140133,HOLY CROSS HOSPITAL,2701 W 68TH STREET,CHICAGO,IL,60629,COOK,(773) 884-9000,Acute Care Hospitals,Voluntary non-profit - Private,Yes,,2,,8,5,1,4,0,,8,5,1,4,0,,11,5,0,4,1,,15,15,,10,7,
140150,UNIVERSITY OF ILLINOIS HOSPITAL AND CLINICS,1740 WEST TAYLOR ST SUITE 1400,CHICAGO,IL,60612,COOK,(312) 996-3900,Acute Care Hospitals,Government - State,Yes,Y,4,,8,7,2,5,0,,8,8,2,6,0,,11,9,0,9,0,,15,15,,10,8,
140158,INSIGHT HOSPITAL AND MEDICAL CENTER CHICAGO,2525 S MICHIGAN AVE,CHICAGO,IL,60616,COOK,(312) 567-2000,Acute Care Hospitals,Voluntary non-profit - Private,Yes,,1,,8,3,0,3,0,,8,2,0,2,0,,11,4,0,3,1,,15,15,,10,6,
140177,JACKSON PARK HOSPITAL,7531 S STONY ISLAND AVE,CHICAGO,IL,60649,COOK,(773) 947-7500,Acute Care Hospitals,Voluntary non-profit - Private,Yes,,1,,8,3,0,3,0,,8,3,0,3,0,,11,3,0,2,1,,15,5,,10,6,
140180,PRESENCE SAINTS MARY AND ELIZABETH MEDICAL CENTER,2233 W DIVISION ST,CHICAGO,IL,60622,COOK,(312) 770-2000,Acute Care Hospitals,Voluntary non-profit - Church,Yes,Y,3,29,8,6,0,6,0,29,8,4,1,3,0,29,11,8,0,8,0,29,15,10,29,10,6,29
140181,SOUTH SHORE HOSPITAL,8012 SOUTH CRANDON AVENUE,CHICAGO,IL,60617,COOK,(773) 356-5000,Acute Care Hospitals,Voluntary non-profit - Private,Yes,,Not Available,16,8,2,0,2,0,,8,3,0,3,0,,11,2,0,1,1,,15,Not Available,5,10,5,
140182,ADVOCATE ILLINOIS MASONIC MEDICAL CENTER,836 WEST WELLINGTON AVENUE,CHICAGO,IL,60657,COOK,(773) 975-1600,Acute Care Hospitals,Voluntary non-profit - Private,Yes,Y,3,,8,7,1,6,0,,8,7,1,5,1,,11,9,0,6,3,,15,15,,10,8,
140197,METHODIST HOSPITAL OF CHICAGO,5025 N PAULINA STREET,CHICAGO,IL,60640,COOK,(773) 271-9040,Acute Care Hospitals,Voluntary non-profit - Private,Yes,,Not Available,16,8,Not Available,Not Available,Not Available,Not Available,5,8,Not Available,Not Available,Not Available,Not Available,5,11,1,0,1,0,,15,5,,10,4,
140206,HUMBOLDT PARK HEALTH,1044 N FRANCISCO AVE,CHICAGO,IL,60622,COOK,(773) 292-8200,Acute Care Hospitals,Voluntary non-profit - Private,Yes,Y,1,,8,3,0,3,0,,8,4,0,4,0,,11,5,0,3,2,,15,15,,10,7,
140224,PRESENCE SAINT JOSEPH HOSPITAL - CHICAGO,2900 NORTH LAKE SHORE DRIVE,CHICAGO,IL,60657,COOK,(773) 665-3000,Acute Care Hospitals,Voluntary non-profit - Church,Yes,Y,4,29,8,6,0,6,0,29,8,4,0,4,0,29,11,7,0,6,1,29,15,10,29,10,7,29
140251,COMMUNITY FIRST MEDICAL CENTER,5645 W ADDISON STREET,CHICAGO,IL,60634,COOK,(773) 282-7000,Acute Care Hospitals,Proprietary,Yes,,2,,8,6,0,6,0,,8,5,1,4,0,,11,7,0,6,1,,15,5,,10,7,
140281,NORTHWESTERN MEMORIAL HOSPITAL,251 E HURON ST,CHICAGO,IL,60611,COOK,(312) 926-2000,Acute Care Hospitals,Voluntary non-profit - Private,Yes,Y,5,,8,8,4,4,0,,8,8,5,3,0,,11,11,0,8,3,,15,15,,10,9,
140300,PROVIDENT HOSPITAL OF CHICAGO,500 E 51ST ST,CHICAGO,IL,60615,COOK,(312) 572-2000,Acute Care Hospitals,Government - Local,Yes,,Not Available,16,8,1,0,1,0,,8,1,0,1,0,,11,1,0,1,0,,15,5,,10,7,
143300,ANN & ROBERT H LURIE CHILDRENS HOSPITAL OF CHICAGO,"225 E CHICAGO AVE, BOX 140",CHICAGO,IL,60611,COOK,(312) 227-4000,Childrens,Voluntary non-profit - Private,Yes,,Not Available,19,Not Available,Not Available,Not Available,Not Available,Not Available,19,Not Available,Not Available,Not Available,Not Available,Not Available,19,Not Available,Not Available,Not Available,Not Available,Not Available,19,Not Available,Not Available,19,Not Available,Not Available,19
143301,LARABIDA CHILDRENS HOSPITAL I,E 65TH ST AT LAKE MICHIGAN,CHICAGO,IL,60649,COOK,(773) 363-6700,Childrens,Voluntary non-profit - Private,No,,Not Available,19,Not Available,Not Available,Not Available,Not Available,Not Available,19,Not Available,Not Available,Not Available,Not Available,Not Available,19,Not Available,Not Available,Not Available,Not Available,Not Available,19,Not Available,Not Available,19,Not Available,Not Available,19
143302,SHRINERS HOSPITAL FOR CHILDREN,2211 NORTH OAK PARK AVE,CHICAGO,IL,60707,COOK,(773) 622-5400,Childrens,Voluntary non-profit - Private,No,,Not Available,19,Not Available,Not Available,Not Available,Not Available,Not Available,19,Not Available,Not Available,Not Available,Not Available,Not Available,19,Not Available,Not Available,Not Available,Not Available,Not Available,19,Not Available,Not Available,19,Not Available,Not Available,19
144010,CHICAGO READ MENTAL HEALTH CENTER,4200 N OAK PARK AVE,CHICAGO,IL,60634,COOK,(773) 794-4000,Psychiatric,Government - State,No,,Not Available,19,Not Available,Not Available,Not Available,Not Available,Not Available,19,Not Available,Not Available,Not Available,Not Available,Not Available,19,Not Available,Not Available,Not Available,Not Available,Not Available,19,Not Available,Not Available,19,Not Available,Not Available,19
144026,HARTGROVE HOSPITAL,5730 W ROOSEVELT ROAD,CHICAGO,IL,60644,COOK,(773) 413-1700,Psychiatric,Proprietary,Yes,,Not Available,19,Not Available,Not Available,Not Available,Not Available,Not Available,19,Not Available,Not Available,Not Available,Not Available,Not Available,19,Not Available,Not Available,Not Available,Not Available,Not Available,19,Not Available,Not Available,19,Not Available,Not Available,19
144043,MONTROSE BEHAVIORAL HEALTH HOSPITAL,4720 N CLARENDON AVENUE,CHICAGO,IL,60640,COOK,(773) 878-9700,Psychiatric,Proprietary,Yes,,Not Available,19,Not Available,Not Available,Not Available,Not Available,Not Available,19,Not Available,Not Available,Not Available,Not Available,Not Available,19,Not Available,Not Available,Not Available,Not Available,Not Available,19,Not Available,Not Available,19,Not Available,Not Available,19
